rank,player_name,team,position,games,win_pct_disp,td_int_disp,passing_tds,rushing_tds,total_tds,pass_ypg,rushing_yards,rush_ypg,total_yards,prob_disp,headshot_url,headshot_url,team_logo_url
1,Matthew Stafford,LA,QB,9.0,78%,12.5,25,0,25.0,269.7,-9,-1.0,2418,100%,"https://static.www.nfl.com/image/upload/f_auto,q_auto/league/svxl2pk2cuqf26zrhii4","https://static.www.nfl.com/image/upload/f_auto,q_auto/league/svxl2pk2cuqf26zrhii4",https://jeffwarr4.github.io/nfl-awards-predictor/assets/logos/LA.png
2,Jalen Hurts,PHI,QB,8.0,75%,15.0,15,5,20.0,209.6,207,25.9,1884,100%,"https://static.www.nfl.com/image/upload/f_auto,q_auto/league/c47i9v6gmokkun9cat9s","https://static.www.nfl.com/image/upload/f_auto,q_auto/league/c47i9v6gmokkun9cat9s",https://jeffwarr4.github.io/nfl-awards-predictor/assets/logos/PHI.png
3,Drake Maye,NE,QB,10.0,80%,3.8,19,2,21.0,255.5,283,28.3,2840,99%,"https://static.www.nfl.com/image/upload/f_auto,q_auto/league/oyap81gtzcvnfmripis1","https://static.www.nfl.com/image/upload/f_auto,q_auto/league/oyap81gtzcvnfmripis1",https://jeffwarr4.github.io/nfl-awards-predictor/assets/logos/NE.png
4,Josh Allen,BUF,QB,9.0,67%,3.0,15,7,22.0,237.7,311,34.6,2450,77%,"https://static.www.nfl.com/image/upload/f_auto,q_auto/league/servs1fpsynfxep4rz2z","https://static.www.nfl.com/image/upload/f_auto,q_auto/league/servs1fpsynfxep4rz2z",https://jeffwarr4.github.io/nfl-awards-predictor/assets/logos/BUF.png
5,Daniel Jones,IND,QB,10.0,80%,2.14,15,5,20.0,265.9,143,14.3,2802,71%,"https://static.www.nfl.com/image/upload/f_auto,q_auto/league/nhuiypfjzpkisxllinyv","https://static.www.nfl.com/image/upload/f_auto,q_auto/league/nhuiypfjzpkisxllinyv",https://jeffwarr4.github.io/nfl-awards-predictor/assets/logos/IND.png
6,Jordan Love,GB,QB,8.0,62%,4.33,13,0,13.0,258.9,110,13.8,2181,67%,"https://static.www.nfl.com/image/upload/f_auto,q_auto/league/uneiwen9drvci9ahuebp","https://static.www.nfl.com/image/upload/f_auto,q_auto/league/uneiwen9drvci9ahuebp",https://jeffwarr4.github.io/nfl-awards-predictor/assets/logos/GB.png
7,Sam Darnold,SEA,QB,9.0,78%,2.83,17,0,17.0,251.3,39,4.3,2301,54%,"https://static.www.nfl.com/image/upload/f_auto,q_auto/league/s5t8m6bhedjwwtfw3ild","https://static.www.nfl.com/image/upload/f_auto,q_auto/league/s5t8m6bhedjwwtfw3ild",https://jeffwarr4.github.io/nfl-awards-predictor/assets/logos/SEA.png
8,Patrick Mahomes,KC,QB,9.0,56%,3.4,17,4,21.0,261.0,285,31.7,2634,54%,"https://static.www.nfl.com/image/upload/f_auto,q_auto/league/iireqbn32cpg9fn4sfy7","https://static.www.nfl.com/image/upload/f_auto,q_auto/league/iireqbn32cpg9fn4sfy7",https://jeffwarr4.github.io/nfl-awards-predictor/assets/logos/KC.png
9,Jared Goff,DET,QB,9.0,67%,6.67,20,0,20.0,248.3,23,2.6,2258,39%,"https://static.www.nfl.com/image/upload/f_auto,q_auto/league/yggfwr4ak4po9byj0qor","https://static.www.nfl.com/image/upload/f_auto,q_auto/league/yggfwr4ak4po9byj0qor",https://jeffwarr4.github.io/nfl-awards-predictor/assets/logos/DET.png
10,Jonathan Taylor,IND,RB,10.0,80%,0.0,0,15,17.0,0.0,1139,113.9,1399,26%,"https://static.www.nfl.com/image/upload/f_auto,q_auto/league/uwmnrhwtwug0wrgkomjk","https://static.www.nfl.com/image/upload/f_auto,q_auto/league/uwmnrhwtwug0wrgkomjk",https://jeffwarr4.github.io/nfl-awards-predictor/assets/logos/IND.png
11,Caleb Williams,CHI,QB,9.0,67%,3.25,13,3,17.0,237.3,246,27.3,2404,2%,"https://static.www.nfl.com/image/upload/f_auto,q_auto/league/h4qs11kutwiw7whekmyt","https://static.www.nfl.com/image/upload/f_auto,q_auto/league/h4qs11kutwiw7whekmyt",https://jeffwarr4.github.io/nfl-awards-predictor/assets/logos/CHI.png
12,Justin Herbert,LAC,QB,9.0,67%,2.25,18,1,19.0,265.6,305,33.9,2695,0%,"https://static.www.nfl.com/image/upload/f_auto,q_auto/league/s1oelyaroiaalgilbeqk","https://static.www.nfl.com/image/upload/f_auto,q_auto/league/s1oelyaroiaalgilbeqk",https://jeffwarr4.github.io/nfl-awards-predictor/assets/logos/LAC.png
13,Mac Jones,SF,QB,8.0,60%,2.17,13,0,13.0,268.9,64,8.0,2215,0%,"https://static.www.nfl.com/image/upload/f_auto,q_auto/league/v5sg1z9qvdpjeapblndz","https://static.www.nfl.com/image/upload/f_auto,q_auto/league/v5sg1z9qvdpjeapblndz",https://jeffwarr4.github.io/nfl-awards-predictor/assets/logos/SF.png
14,Bo Nix,DEN,QB,10.0,80%,2.25,18,3,21.0,212.6,205,20.5,2331,0%,"https://static.www.nfl.com/image/upload/f_auto,q_auto/league/igirshmrr6lqtxcpxsea","https://static.www.nfl.com/image/upload/f_auto,q_auto/league/igirshmrr6lqtxcpxsea",https://jeffwarr4.github.io/nfl-awards-predictor/assets/logos/DEN.png
15,Baker Mayfield,TB,QB,9.0,67%,8.0,16,0,16.0,243.6,158,17.6,2350,0%,"https://static.www.nfl.com/image/upload/f_auto,q_auto/league/i2uufyghiphx4oihgucm","https://static.www.nfl.com/image/upload/f_auto,q_auto/league/i2uufyghiphx4oihgucm",https://jeffwarr4.github.io/nfl-awards-predictor/assets/logos/TB.png
16,Dak Prescott,DAL,QB,9.0,33%,2.83,17,1,18.0,257.7,121,13.4,2440,0%,"https://static.www.nfl.com/image/upload/f_auto,q_auto/league/blixemm3s9sa4gmqk5yn","https://static.www.nfl.com/image/upload/f_auto,q_auto/league/blixemm3s9sa4gmqk5yn",https://jeffwarr4.github.io/nfl-awards-predictor/assets/logos/DAL.png
17,James Cook,BUF,RB,9.0,67%,0.0,0,7,7.0,0.0,920,102.2,1044,0%,"https://static.www.nfl.com/image/upload/f_auto,q_auto/league/anjbznqb9i21wzcgrtbs","https://static.www.nfl.com/image/upload/f_auto,q_auto/league/anjbznqb9i21wzcgrtbs",https://jeffwarr4.github.io/nfl-awards-predictor/assets/logos/BUF.png
18,Jahmyr Gibbs,DET,RB,9.0,67%,0.0,0,8,10.0,0.0,693,77.0,920,0%,"https://static.www.nfl.com/image/upload/f_auto,q_auto/league/hjxk3judytgsxkqiilre","https://static.www.nfl.com/image/upload/f_auto,q_auto/league/hjxk3judytgsxkqiilre",https://jeffwarr4.github.io/nfl-awards-predictor/assets/logos/DET.png
19,Kyren Williams,LA,RB,9.0,78%,0.0,0,5,8.0,0.0,659,73.2,836,0%,"https://static.www.nfl.com/image/upload/f_auto,q_auto/league/smsyrjrwy0lf0hu9hkvg","https://static.www.nfl.com/image/upload/f_auto,q_auto/league/smsyrjrwy0lf0hu9hkvg",https://jeffwarr4.github.io/nfl-awards-predictor/assets/logos/LA.png
20,C.J. Stroud,HOU,QB,8.0,44%,2.2,11,0,11.0,212.8,189,23.6,1891,0%,"https://static.www.nfl.com/image/upload/f_auto,q_auto/league/tt4zrtxlhifaljhj0rn7","https://static.www.nfl.com/image/upload/f_auto,q_auto/league/tt4zrtxlhifaljhj0rn7",https://jeffwarr4.github.io/nfl-awards-predictor/assets/logos/HOU.png
21,De'Von Achane,MIA,RB,10.0,30%,0.0,0,5,9.0,0.0,780,78.0,1105,0%,"https://static.www.nfl.com/image/upload/f_auto,q_auto/league/xk1xwio0bryfxo1ylweu","https://static.www.nfl.com/image/upload/f_auto,q_auto/league/xk1xwio0bryfxo1ylweu",https://jeffwarr4.github.io/nfl-awards-predictor/assets/logos/MIA.png
22,Christian McCaffrey,SF,RB,10.0,60%,0.0,0,4,8.0,0.0,626,62.6,1318,0%,"https://static.www.nfl.com/image/upload/f_auto,q_auto/league/resjdwihunsqckohcorj","https://static.www.nfl.com/image/upload/f_auto,q_auto/league/resjdwihunsqckohcorj",https://jeffwarr4.github.io/nfl-awards-predictor/assets/logos/SF.png
23,Aaron Rodgers,PIT,QB,8.0,62%,3.4,17,0,17.0,211.5,18,2.2,1710,0%,"https://static.www.nfl.com/image/upload/f_auto,q_auto/league/dypvakakxhccxs67tb0y","https://static.www.nfl.com/image/upload/f_auto,q_auto/league/dypvakakxhccxs67tb0y",https://jeffwarr4.github.io/nfl-awards-predictor/assets/logos/PIT.png
24,Javonte Williams,DAL,RB,9.0,33%,0.0,0,8,9.0,0.0,716,79.6,809,0%,"https://static.www.nfl.com/image/upload/f_auto,q_auto/league/hwzske22c4wrlf27qrih","https://static.www.nfl.com/image/upload/f_auto,q_auto/league/hwzske22c4wrlf27qrih",https://jeffwarr4.github.io/nfl-awards-predictor/assets/logos/DAL.png
25,Jaxson Dart,NYG,QB,9.0,20%,3.33,10,7,17.0,157.4,317,35.2,1734,0%,"https://static.www.nfl.com/image/upload/f_auto,q_auto/league/n6uymxssgiicjmxkzxoc","https://static.www.nfl.com/image/upload/f_auto,q_auto/league/n6uymxssgiicjmxkzxoc",https://jeffwarr4.github.io/nfl-awards-predictor/assets/logos/NYG.png
26,Josh Jacobs,GB,RB,8.0,62%,0.0,0,10,10.0,0.0,534,66.8,738,0%,"https://static.www.nfl.com/image/upload/f_auto,q_auto/league/drtobqw2mk7yw3edjgwo","https://static.www.nfl.com/image/upload/f_auto,q_auto/league/drtobqw2mk7yw3edjgwo",https://jeffwarr4.github.io/nfl-awards-predictor/assets/logos/GB.png
27,Rico Dowdle,CAR,RB,10.0,50%,0.0,0,5,6.0,0.0,788,78.8,930,0%,"https://static.www.nfl.com/image/upload/f_auto,q_auto/league/cvnrzndsiaojvvxz8vo5","https://static.www.nfl.com/image/upload/f_auto,q_auto/league/cvnrzndsiaojvvxz8vo5",https://jeffwarr4.github.io/nfl-awards-predictor/assets/logos/CAR.png
28,J.K. Dobbins,DEN,RB,10.0,80%,0.0,0,4,4.0,0.0,772,77.2,809,0%,"https://static.www.nfl.com/image/upload/f_auto,q_auto/league/cevotvl3ho5h1mioruyg","https://static.www.nfl.com/image/upload/f_auto,q_auto/league/cevotvl3ho5h1mioruyg",https://jeffwarr4.github.io/nfl-awards-predictor/assets/logos/DEN.png
29,Saquon Barkley,PHI,RB,8.0,75%,0.0,0,4,6.0,0.0,519,64.9,678,0%,"https://static.www.nfl.com/image/upload/f_auto,q_auto/league/ern1nbhivkmwkg82c7v1","https://static.www.nfl.com/image/upload/f_auto,q_auto/league/ern1nbhivkmwkg82c7v1",https://jeffwarr4.github.io/nfl-awards-predictor/assets/logos/PHI.png
30,Derrick Henry,BAL,RB,9.0,44%,0.0,0,6,6.0,0.0,704,78.2,759,0%,"https://static.www.nfl.com/image/upload/f_auto,q_auto/league/jxtikemnvpkw9r0ex2wv","https://static.www.nfl.com/image/upload/f_auto,q_auto/league/jxtikemnvpkw9r0ex2wv",https://jeffwarr4.github.io/nfl-awards-predictor/assets/logos/BAL.png
31,Bijan Robinson,ATL,RB,9.0,33%,0.0,0,2,4.0,0.0,679,75.4,1146,0%,"https://static.www.nfl.com/image/upload/f_auto,q_auto/league/rjaf9auhx3lrktzgwpfb","https://static.www.nfl.com/image/upload/f_auto,q_auto/league/rjaf9auhx3lrktzgwpfb",https://jeffwarr4.github.io/nfl-awards-predictor/assets/logos/ATL.png
32,Ashton Jeanty,LV,RB,9.0,22%,0.0,0,4,7.0,0.0,547,60.8,683,0%,"https://static.www.nfl.com/image/upload/f_auto,q_auto/league/syspis1mntov9kgspb7r","https://static.www.nfl.com/image/upload/f_auto,q_auto/league/syspis1mntov9kgspb7r",https://jeffwarr4.github.io/nfl-awards-predictor/assets/logos/LV.png
33,Travis Etienne,JAX,RB,9.0,56%,0.0,0,3,4.0,0.0,656,72.9,786,0%,"https://static.www.nfl.com/image/upload/f_auto,q_auto/league/gc0iljgj34piecyfueyd","https://static.www.nfl.com/image/upload/f_auto,q_auto/league/gc0iljgj34piecyfueyd",https://jeffwarr4.github.io/nfl-awards-predictor/assets/logos/JAX.png
34,D'Andre Swift,CHI,RB,8.0,67%,0.0,0,4,5.0,0.0,544,68.0,754,0%,"https://static.www.nfl.com/image/upload/f_auto,q_auto/league/owpmwzoilitcodc6cmxo","https://static.www.nfl.com/image/upload/f_auto,q_auto/league/owpmwzoilitcodc6cmxo",https://jeffwarr4.github.io/nfl-awards-predictor/assets/logos/CHI.png
35,Trevor Lawrence,JAX,QB,9.0,56%,1.43,10,4,14.0,222.0,172,19.1,2170,0%,"https://static.www.nfl.com/image/upload/f_auto,q_auto/league/d75srntioly7fq0z8vip","https://static.www.nfl.com/image/upload/f_auto,q_auto/league/d75srntioly7fq0z8vip",https://jeffwarr4.github.io/nfl-awards-predictor/assets/logos/JAX.png
36,David Montgomery,DET,RB,9.0,67%,1.0,1,5,6.0,0.3,466,51.8,575,0%,"https://static.www.nfl.com/image/upload/f_auto,q_auto/league/xeb6fq4zimgkksq7uari","https://static.www.nfl.com/image/upload/f_auto,q_auto/league/xeb6fq4zimgkksq7uari",https://jeffwarr4.github.io/nfl-awards-predictor/assets/logos/DET.png
37,Kenneth Walker III,SEA,RB,9.0,78%,0.0,0,3,3.0,0.0,539,59.9,622,0%,"https://static.www.nfl.com/image/upload/f_auto,q_auto/league/mnzsnemdzbey5hbahdhk","https://static.www.nfl.com/image/upload/f_auto,q_auto/league/mnzsnemdzbey5hbahdhk",https://jeffwarr4.github.io/nfl-awards-predictor/assets/logos/SEA.png
38,Quinshon Judkins,CLE,RB,8.0,22%,0.0,0,5,5.0,0.0,561,70.1,631,0%,"https://static.www.nfl.com/image/upload/f_auto,q_auto/league/ojtce2im0wp2ltyel0vc","https://static.www.nfl.com/image/upload/f_auto,q_auto/league/ojtce2im0wp2ltyel0vc",https://jeffwarr4.github.io/nfl-awards-predictor/assets/logos/CLE.png
39,Breece Hall,NYJ,RB,9.0,22%,1.0,1,2,4.0,0.4,664,73.8,888,0%,"https://static.www.nfl.com/image/upload/f_auto,q_auto/league/m3dviruymtm2wl2zcpmr","https://static.www.nfl.com/image/upload/f_auto,q_auto/league/m3dviruymtm2wl2zcpmr",https://jeffwarr4.github.io/nfl-awards-predictor/assets/logos/NYJ.png
40,Cam Skattebo,NYG,RB,8.0,20%,0.0,0,5,7.0,0.0,410,51.2,617,0%,"https://static.www.nfl.com/image/upload/f_auto,q_auto/league/vnftthkbvw7ucsqtqjpq","https://static.www.nfl.com/image/upload/f_auto,q_auto/league/vnftthkbvw7ucsqtqjpq",https://jeffwarr4.github.io/nfl-awards-predictor/assets/logos/NYG.png
41,Tua Tagovailoa,MIA,QB,10.0,30%,1.31,17,0,17.0,195.2,38,3.8,1990,0%,"https://static.www.nfl.com/image/upload/f_auto,q_auto/league/ktqj3s5vofexl2dwrrp4","https://static.www.nfl.com/image/upload/f_auto,q_auto/league/ktqj3s5vofexl2dwrrp4",https://jeffwarr4.github.io/nfl-awards-predictor/assets/logos/MIA.png
42,Zach Charbonnet,SEA,RB,8.0,78%,0.0,0,6,6.0,0.0,313,39.1,370,0%,"https://static.www.nfl.com/image/upload/f_auto,q_auto/league/jqbzg5e8pdltbnb7hc8p","https://static.www.nfl.com/image/upload/f_auto,q_auto/league/jqbzg5e8pdltbnb7hc8p",https://jeffwarr4.github.io/nfl-awards-predictor/assets/logos/SEA.png
43,RJ Harvey,DEN,RB,10.0,80%,0.0,0,2,6.0,0.0,214,21.4,389,0%,"https://static.www.nfl.com/image/upload/f_auto,q_auto/league/i1qxzydetb2orrynzvzk","https://static.www.nfl.com/image/upload/f_auto,q_auto/league/i1qxzydetb2orrynzvzk",https://jeffwarr4.github.io/nfl-awards-predictor/assets/logos/DEN.png
44,Jordan Mason,MIN,RB,9.0,44%,0.0,0,4,4.0,0.0,444,49.3,488,0%,"https://static.www.nfl.com/image/upload/f_auto,q_auto/league/ixykwytfrfz1cdxlhj5w","https://static.www.nfl.com/image/upload/f_auto,q_auto/league/ixykwytfrfz1cdxlhj5w",https://jeffwarr4.github.io/nfl-awards-predictor/assets/logos/MIN.png
45,Michael Penix Jr.,ATL,QB,8.0,33%,3.0,9,1,10.0,225.9,61,7.6,1868,0%,"https://static.www.nfl.com/image/upload/f_auto,q_auto/league/azvyjzp2sa8cnljbp3i7","https://static.www.nfl.com/image/upload/f_auto,q_auto/league/azvyjzp2sa8cnljbp3i7",https://jeffwarr4.github.io/nfl-awards-predictor/assets/logos/ATL.png
46,TreVeyon Henderson,NE,RB,10.0,80%,0.0,0,3,3.0,0.0,430,43.0,564,0%,"https://static.www.nfl.com/image/upload/f_auto,q_auto/league/cfcux3dnfmbmz3qzrnco","https://static.www.nfl.com/image/upload/f_auto,q_auto/league/cfcux3dnfmbmz3qzrnco",https://jeffwarr4.github.io/nfl-awards-predictor/assets/logos/NE.png
47,Jacory Croskey-Merritt,WAS,RB,10.0,30%,0.0,0,4,4.0,0.0,470,47.0,533,0%,"https://static.www.nfl.com/image/upload/f_auto,q_auto/league/tklzj7zzve1t4z2hhr1g","https://static.www.nfl.com/image/upload/f_auto,q_auto/league/tklzj7zzve1t4z2hhr1g",https://jeffwarr4.github.io/nfl-awards-predictor/assets/logos/WAS.png
48,Justin Fields,NYJ,QB,8.0,22%,6.0,6,3,9.0,142.9,316,39.5,1459,0%,"https://static.www.nfl.com/image/upload/f_auto,q_auto/league/fbteankooq2c33yquq2j","https://static.www.nfl.com/image/upload/f_auto,q_auto/league/fbteankooq2c33yquq2j",https://jeffwarr4.github.io/nfl-awards-predictor/assets/logos/NYJ.png
49,Kareem Hunt,KC,RB,9.0,56%,0.0,0,5,6.0,0.0,294,32.7,357,0%,"https://static.www.nfl.com/image/upload/f_auto,q_auto/league/hktvzf8hiupoycyg1kmc","https://static.www.nfl.com/image/upload/f_auto,q_auto/league/hktvzf8hiupoycyg1kmc",https://jeffwarr4.github.io/nfl-awards-predictor/assets/logos/KC.png
50,Rhamondre Stevenson,NE,RB,8.0,80%,0.0,0,3,3.0,0.0,279,34.9,448,0%,"https://static.www.nfl.com/image/upload/f_auto,q_auto/league/ed09migntlyy8ntgvcu1","https://static.www.nfl.com/image/upload/f_auto,q_auto/league/ed09migntlyy8ntgvcu1",https://jeffwarr4.github.io/nfl-awards-predictor/assets/logos/NE.png
51,Woody Marks,HOU,RB,9.0,44%,0.0,0,2,4.0,0.0,304,33.8,487,0%,"https://static.www.nfl.com/image/upload/f_auto,q_auto/league/pwvxisrnjitkkghkfcn3","https://static.www.nfl.com/image/upload/f_auto,q_auto/league/pwvxisrnjitkkghkfcn3",https://jeffwarr4.github.io/nfl-awards-predictor/assets/logos/HOU.png
52,Chuba Hubbard,CAR,RB,8.0,50%,0.0,0,1,3.0,0.0,313,39.1,432,0%,"https://static.www.nfl.com/image/upload/f_auto,q_auto/league/pjgml85ghq7oa48dctn7","https://static.www.nfl.com/image/upload/f_auto,q_auto/league/pjgml85ghq7oa48dctn7",https://jeffwarr4.github.io/nfl-awards-predictor/assets/logos/CAR.png
53,Chase Brown,CIN,RB,9.0,33%,0.0,0,2,3.0,0.0,420,46.7,621,0%,"https://static.www.nfl.com/image/upload/f_auto,q_auto/league/pv3sq3uzosixxexbznq5","https://static.www.nfl.com/image/upload/f_auto,q_auto/league/pv3sq3uzosixxexbznq5",https://jeffwarr4.github.io/nfl-awards-predictor/assets/logos/CIN.png
54,Spencer Rattler,NO,QB,8.0,20%,1.6,8,0,8.0,198.2,167,20.9,1753,0%,"https://static.www.nfl.com/image/upload/f_auto,q_auto/league/uridusydmg6brwrmpmq6","https://static.www.nfl.com/image/upload/f_auto,q_auto/league/uridusydmg6brwrmpmq6",https://jeffwarr4.github.io/nfl-awards-predictor/assets/logos/NO.png
55,Kyle Monangai,CHI,RB,9.0,67%,0.0,0,2,2.0,0.0,390,43.3,473,0%,"https://static.www.nfl.com/image/upload/f_auto,q_auto/league/cici2wf1walmoluhe95i","https://static.www.nfl.com/image/upload/f_auto,q_auto/league/cici2wf1walmoluhe95i",https://jeffwarr4.github.io/nfl-awards-predictor/assets/logos/CHI.png
56,Rachaad White,TB,RB,9.0,67%,0.0,0,4,4.0,0.0,325,36.1,458,0%,"https://static.www.nfl.com/image/upload/f_auto,q_auto/league/sxugbms8ketvgmilnlu3","https://static.www.nfl.com/image/upload/f_auto,q_auto/league/sxugbms8ketvgmilnlu3",https://jeffwarr4.github.io/nfl-awards-predictor/assets/logos/TB.png
57,Tony Pollard,TEN,RB,9.0,11%,0.0,0,2,2.0,0.0,480,53.3,623,0%,"https://static.www.nfl.com/image/upload/f_auto,q_auto/league/dvpdczetkdhrqpm8izmd","https://static.www.nfl.com/image/upload/f_auto,q_auto/league/dvpdczetkdhrqpm8izmd",https://jeffwarr4.github.io/nfl-awards-predictor/assets/logos/TEN.png
58,Nick Chubb,HOU,RB,9.0,44%,0.0,0,2,2.0,0.0,402,44.7,461,0%,"https://static.www.nfl.com/image/upload/f_auto,q_auto/league/h5y74trx6l8ivpkbmrkt","https://static.www.nfl.com/image/upload/f_auto,q_auto/league/h5y74trx6l8ivpkbmrkt",https://jeffwarr4.github.io/nfl-awards-predictor/assets/logos/HOU.png
59,Isiah Pacheco,KC,RB,8.0,56%,0.0,0,1,2.0,0.0,329,41.1,372,0%,"https://static.www.nfl.com/image/upload/f_auto,q_auto/league/tqshteijt4xhgk2ei9sx","https://static.www.nfl.com/image/upload/f_auto,q_auto/league/tqshteijt4xhgk2ei9sx",https://jeffwarr4.github.io/nfl-awards-predictor/assets/logos/KC.png
60,Tyler Allgeier,ATL,RB,9.0,33%,0.0,0,6,6.0,0.0,270,30.0,290,0%,"https://static.www.nfl.com/image/upload/f_auto,q_auto/league/buwaomfsz4y6orgb0cyg","https://static.www.nfl.com/image/upload/f_auto,q_auto/league/buwaomfsz4y6orgb0cyg",https://jeffwarr4.github.io/nfl-awards-predictor/assets/logos/ATL.png
61,Alvin Kamara,NO,RB,10.0,20%,0.0,0,1,1.0,0.0,460,46.0,642,0%,"https://static.www.nfl.com/image/upload/f_auto,q_auto/league/uay6uo9lonegelngihki","https://static.www.nfl.com/image/upload/f_auto,q_auto/league/uay6uo9lonegelngihki",https://jeffwarr4.github.io/nfl-awards-predictor/assets/logos/NO.png
62,Blake Corum,LA,RB,9.0,78%,0.0,0,1,1.0,0.0,307,34.1,322,0%,"https://static.www.nfl.com/image/upload/f_auto,q_auto/league/gytdgnrjj3jk8rlfxz85","https://static.www.nfl.com/image/upload/f_auto,q_auto/league/gytdgnrjj3jk8rlfxz85",https://jeffwarr4.github.io/nfl-awards-predictor/assets/logos/LA.png
63,Kenneth Gainwell,PIT,RB,8.0,62%,0.0,0,3,3.0,0.0,220,27.5,339,0%,"https://static.www.nfl.com/image/upload/f_auto,q_auto/league/f74x1ywy7oo5kq81vblh","https://static.www.nfl.com/image/upload/f_auto,q_auto/league/f74x1ywy7oo5kq81vblh",https://jeffwarr4.github.io/nfl-awards-predictor/assets/logos/PIT.png
64,Bryce Young,CAR,QB,9.0,50%,1.57,11,1,12.0,168.2,84,9.3,1598,0%,"https://static.www.nfl.com/image/upload/f_auto,q_auto/league/qy1lfhlzhiacsyzzm1j7","https://static.www.nfl.com/image/upload/f_auto,q_auto/league/qy1lfhlzhiacsyzzm1j7",https://jeffwarr4.github.io/nfl-awards-predictor/assets/logos/CAR.png
65,Bhayshul Tuten,JAX,RB,9.0,56%,0.0,0,2,3.0,0.0,164,18.2,225,0%,"https://static.www.nfl.com/image/upload/f_auto,q_auto/league/uf6bidyfjeemrlgsibiz","https://static.www.nfl.com/image/upload/f_auto,q_auto/league/uf6bidyfjeemrlgsibiz",https://jeffwarr4.github.io/nfl-awards-predictor/assets/logos/JAX.png
66,Brian Robinson,SF,RB,10.0,60%,0.0,0,2,2.0,0.0,238,23.8,253,0%,"https://static.www.nfl.com/image/upload/f_auto,q_auto/league/n1xhex1ytisxcbcggqu7","https://static.www.nfl.com/image/upload/f_auto,q_auto/league/n1xhex1ytisxcbcggqu7",https://jeffwarr4.github.io/nfl-awards-predictor/assets/logos/SF.png
67,Geno Smith,LV,QB,9.0,22%,0.92,11,0,11.0,204.9,88,9.8,1932,0%,"https://static.www.nfl.com/image/upload/f_auto,q_auto/league/tqy0933vz5yogwlefb1s","https://static.www.nfl.com/image/upload/f_auto,q_auto/league/tqy0933vz5yogwlefb1s",https://jeffwarr4.github.io/nfl-awards-predictor/assets/logos/LV.png
68,Sean Tucker,TB,RB,9.0,67%,0.0,0,2,2.0,0.0,129,14.3,125,0%,"https://static.www.nfl.com/image/upload/f_auto,q_auto/league/zyzp7e2gos47ebzur9gi","https://static.www.nfl.com/image/upload/f_auto,q_auto/league/zyzp7e2gos47ebzur9gi",https://jeffwarr4.github.io/nfl-awards-predictor/assets/logos/TB.png
69,Tyrone Tracy Jr.,NYG,RB,8.0,20%,0.0,0,1,1.0,0.0,248,31.0,335,0%,"https://static.www.nfl.com/image/upload/f_auto,q_auto/league/b9nje50lohbprf06xoom","https://static.www.nfl.com/image/upload/f_auto,q_auto/league/b9nje50lohbprf06xoom",https://jeffwarr4.github.io/nfl-awards-predictor/assets/logos/NYG.png
70,Emanuel Wilson,GB,RB,8.0,62%,0.0,0,0,0.0,0.0,178,22.2,236,0%,"https://static.www.nfl.com/image/upload/f_auto,q_auto/league/xni9gnwmhdex7h1ey3jq","https://static.www.nfl.com/image/upload/f_auto,q_auto/league/xni9gnwmhdex7h1ey3jq",https://jeffwarr4.github.io/nfl-awards-predictor/assets/logos/GB.png
71,Justice Hill,BAL,RB,9.0,44%,0.0,0,2,3.0,0.0,93,10.3,262,0%,"https://static.www.nfl.com/image/upload/f_auto,q_auto/league/h6p9crhra8ehxju3ubza","https://static.www.nfl.com/image/upload/f_auto,q_auto/league/h6p9crhra8ehxju3ubza",https://jeffwarr4.github.io/nfl-awards-predictor/assets/logos/BAL.png
72,George Holani,SEA,RB,9.0,78%,0.0,0,1,1.0,0.0,67,7.4,82,0%,"https://static.www.nfl.com/image/upload/f_auto,q_auto/league/nadkmkb2sqgjhbkpirkg","https://static.www.nfl.com/image/upload/f_auto,q_auto/league/nadkmkb2sqgjhbkpirkg",https://jeffwarr4.github.io/nfl-awards-predictor/assets/logos/SEA.png
73,Samaje Perine,CIN,RB,9.0,33%,0.0,0,1,1.0,0.0,198,22.0,228,0%,"https://static.www.nfl.com/image/upload/f_auto,q_auto/league/ur3jv6biq0pefkrgpzty","https://static.www.nfl.com/image/upload/f_auto,q_auto/league/ur3jv6biq0pefkrgpzty",https://jeffwarr4.github.io/nfl-awards-predictor/assets/logos/CIN.png
74,Ray Davis,BUF,RB,9.0,67%,0.0,0,0,1.0,0.0,44,4.9,62,0%,"https://static.www.nfl.com/image/upload/f_auto,q_auto/league/pm9llppbueodtjjj9u8l","https://static.www.nfl.com/image/upload/f_auto,q_auto/league/pm9llppbueodtjjj9u8l",https://jeffwarr4.github.io/nfl-awards-predictor/assets/logos/BUF.png
75,Ollie Gordon II,MIA,RB,10.0,30%,0.0,0,1,2.0,0.0,119,11.9,149,0%,"https://static.www.nfl.com/image/upload/f_auto,q_auto/league/bv33rgypaauv7sealwkr","https://static.www.nfl.com/image/upload/f_auto,q_auto/league/bv33rgypaauv7sealwkr",https://jeffwarr4.github.io/nfl-awards-predictor/assets/logos/MIA.png
76,Ty Johnson,BUF,RB,9.0,67%,0.0,0,1,1.0,0.0,74,8.2,129,0%,"https://static.www.nfl.com/image/upload/f_auto,q_auto/league/hmnzcfm56ojey6myomjg","https://static.www.nfl.com/image/upload/f_auto,q_auto/league/hmnzcfm56ojey6myomjg",https://jeffwarr4.github.io/nfl-awards-predictor/assets/logos/BUF.png
77,Jeremy McNichols,WAS,RB,9.0,30%,0.0,0,1,1.0,0.0,168,18.7,301,0%,"https://static.www.nfl.com/image/upload/f_auto,q_auto/league/kegqjj5pv7xidm0xwtpy","https://static.www.nfl.com/image/upload/f_auto,q_auto/league/kegqjj5pv7xidm0xwtpy",https://jeffwarr4.github.io/nfl-awards-predictor/assets/logos/WAS.png
78,Brashard Smith,KC,RB,9.0,56%,0.0,0,0,0.0,0.0,82,9.1,204,0%,"https://static.www.nfl.com/image/upload/f_auto,q_auto/league/u3t4csj7hhcgymvb8ldf","https://static.www.nfl.com/image/upload/f_auto,q_auto/league/u3t4csj7hhcgymvb8ldf",https://jeffwarr4.github.io/nfl-awards-predictor/assets/logos/KC.png
79,Tyler Badie,DEN,RB,9.0,80%,0.0,0,0,0.0,0.0,9,1.0,96,0%,"https://static.www.nfl.com/image/upload/f_auto,q_auto/league/ger5eiktec0vzmrxjnaw","https://static.www.nfl.com/image/upload/f_auto,q_auto/league/ger5eiktec0vzmrxjnaw",https://jeffwarr4.github.io/nfl-awards-predictor/assets/logos/DEN.png
80,Trevor Etienne,CAR,RB,10.0,50%,0.0,0,0,0.0,0.0,92,9.2,101,0%,"https://static.www.nfl.com/image/upload/f_auto,q_auto/league/futkvr4juiazofhntj0p","https://static.www.nfl.com/image/upload/f_auto,q_auto/league/futkvr4juiazofhntj0p",https://jeffwarr4.github.io/nfl-awards-predictor/assets/logos/CAR.png
81,Devin Singletary,NYG,RB,10.0,20%,0.0,0,0,0.0,0.0,147,14.7,236,0%,"https://static.www.nfl.com/image/upload/f_auto,q_auto/league/wqw8ee4nsxsisqb3bagw","https://static.www.nfl.com/image/upload/f_auto,q_auto/league/wqw8ee4nsxsisqb3bagw",https://jeffwarr4.github.io/nfl-awards-predictor/assets/logos/NYG.png
82,Isaiah Davis,NYJ,RB,9.0,22%,0.0,0,0,0.0,0.0,119,13.2,237,0%,"https://static.www.nfl.com/image/upload/f_auto,q_auto/league/hsozhwgsuffsfrc4qdp2","https://static.www.nfl.com/image/upload/f_auto,q_auto/league/hsozhwgsuffsfrc4qdp2",https://jeffwarr4.github.io/nfl-awards-predictor/assets/logos/NYJ.png
83,Dylan Sampson,CLE,RB,9.0,22%,0.0,0,0,1.0,0.0,47,5.2,183,0%,"https://static.www.nfl.com/image/upload/f_auto,q_auto/league/den1hzzomdxfcsgk88o5","https://static.www.nfl.com/image/upload/f_auto,q_auto/league/den1hzzomdxfcsgk88o5",https://jeffwarr4.github.io/nfl-awards-predictor/assets/logos/CLE.png
84,Chris Brooks,GB,RB,8.0,62%,0.0,0,0,0.0,0.0,2,0.2,56,0%,"https://static.www.nfl.com/image/upload/f_auto,q_auto/league/nnwloijqopel4em6vfhb","https://static.www.nfl.com/image/upload/f_auto,q_auto/league/nnwloijqopel4em6vfhb",https://jeffwarr4.github.io/nfl-awards-predictor/assets/logos/GB.png
85,LeQuint Allen Jr.,JAX,RB,9.0,56%,0.0,0,0,0.0,0.0,32,3.6,73,0%,"https://static.www.nfl.com/image/upload/f_auto,q_auto/league/i0utigksuuvo2njb9wtk","https://static.www.nfl.com/image/upload/f_auto,q_auto/league/i0utigksuuvo2njb9wtk",https://jeffwarr4.github.io/nfl-awards-predictor/assets/logos/JAX.png
86,Rasheen Ali,BAL,RB,8.0,44%,0.0,0,0,0.0,0.0,5,0.6,5,0%,"https://static.www.nfl.com/image/upload/f_auto,q_auto/league/zwjrkzu3ia3cfrwgotqt","https://static.www.nfl.com/image/upload/f_auto,q_auto/league/zwjrkzu3ia3cfrwgotqt",https://jeffwarr4.github.io/nfl-awards-predictor/assets/logos/BAL.png
87,Jerome Ford,CLE,RB,9.0,22%,0.0,0,0,0.0,0.0,74,8.2,150,0%,"https://static.www.nfl.com/image/private/f_auto,q_auto/league/djggmwo5v8osoboiseo2","https://static.www.nfl.com/image/private/f_auto,q_auto/league/djggmwo5v8osoboiseo2",https://jeffwarr4.github.io/nfl-awards-predictor/assets/logos/CLE.png
88,Julius Chestnut,TEN,RB,8.0,11%,0.0,0,0,0.0,0.0,36,4.5,36,0%,"https://static.www.nfl.com/image/upload/f_auto,q_auto/league/glst6wabuuvbrssmidng","https://static.www.nfl.com/image/upload/f_auto,q_auto/league/glst6wabuuvbrssmidng",https://jeffwarr4.github.io/nfl-awards-predictor/assets/logos/TEN.png
89,Dylan Laube,LV,RB,9.0,22%,0.0,0,0,0.0,0.0,5,0.6,23,0%,"https://static.www.nfl.com/image/upload/f_auto,q_auto/league/lpizdza73bgksstymv5t","https://static.www.nfl.com/image/upload/f_auto,q_auto/league/lpizdza73bgksstymv5t",https://jeffwarr4.github.io/nfl-awards-predictor/assets/logos/LV.png
90,Cam Ward,TEN,QB,9.0,11%,0.83,5,0,5.0,195.6,46,5.1,1806,0%,"https://static.www.nfl.com/image/upload/f_auto,q_auto/league/viadutkbvligsopnd2qn","https://static.www.nfl.com/image/upload/f_auto,q_auto/league/viadutkbvligsopnd2qn",https://jeffwarr4.github.io/nfl-awards-predictor/assets/logos/TEN.png
